value_segment,customers,orders,revenue,aov,purchase_frequency,historical_cltv,revenue_share_percent
High value,868,10192,6637300.82,651.2265325745683,11.741935483870968,7646.659930875577,74.6837494443095
Low value,2169,3407,693873.16,203.6610390372762,1.5707699400645458,319.9046380820655,7.807548675723767
Medium value,1301,4933,1556034.91,315.4337948510034,3.7916986933128363,1196.029907763259,17.508701879966722
